{"cameraMode":{"drawMode":0,"name":"Shaded","section":"Shading Mode"},"sceneLighting":true,"audioPlay":false,"sceneViewState":{"showFog":false,"showMaterialUpdate":false,"showSkybox":false,"showFlares":false,"showImageEffects":false,"showParticleSystems":false},"in2DMode":false,"pivot":{"x":14.009004592895508,"y":6.922341346740723,"z":-2.7501134872436525},"rotation":{"x":-0.03617680072784424,"y":0.4346165359020233,"z":0.017485644668340684,"w":0.8997347950935364},"size":9.981231689453125,"orthographic":false}